{
  "dataset": "drug",
  "downstream": {
    "oracle": {
      "dt": {
        "accuracy": 0.681917211328976,
        "auc": 0.6330773656723024,
        "f1": 0.767515923566879,
        "precision": 0.7724358974358975,
        "recall": 0.7626582278481012
      },
      "lr": {
        "accuracy": 0.7810457516339869,
        "auc": 0.7989842436044969,
        "f1": 0.8421052631578947,
        "precision": 0.8361934477379095,
        "recall": 0.8481012658227848
      },
      "rf": {
        "accuracy": 0.7995642701525054,
        "auc": 0.8067324289634417,
        "f1": 0.8566978193146417,
        "precision": 0.843558282208589,
        "recall": 0.870253164556962
      },
      "xgb": {
        "accuracy": 0.7886710239651417,
        "auc": 0.8123174294060369,
        "f1": 0.8507692307692307,
        "precision": 0.8278443113772455,
        "recall": 0.875
      }
    },
    "original": {
      "dt": {
        "accuracy": 0.6775599128540305,
        "auc": 0.6997820217756927,
        "f1": 0.7323688969258589,
        "precision": 0.8544303797468354,
        "recall": 0.6408227848101266
      },
      "lr": {
        "accuracy": 0.630718954248366,
        "auc": 0.7094582632557316,
        "f1": 0.6834733893557423,
        "precision": 0.8337129840546698,
        "recall": 0.5791139240506329
      },
      "rf": {
        "accuracy": 0.7069716775599129,
        "auc": 0.7894712091705763,
        "f1": 0.7646544181977253,
        "precision": 0.8551859099804305,
        "recall": 0.6914556962025317
      },
      "xgb": {
        "accuracy": 0.7581699346405228,
        "auc": 0.7652142161635833,
        "f1": 0.8168316831683168,
        "precision": 0.853448275862069,
        "recall": 0.7832278481012658
      }
    },
    "synthetic": {
      "dt": {
        "accuracy": 0.6535947712418301,
        "auc": 0.5904941577409932,
        "f1": 0.7507836990595611,
        "precision": 0.7437888198757764,
        "recall": 0.7579113924050633
      },
      "lr": {
        "accuracy": 0.7124183006535948,
        "auc": 0.7530594405594405,
        "f1": 0.773972602739726,
        "precision": 0.8432835820895522,
        "recall": 0.7151898734177216
      },
      "rf": {
        "accuracy": 0.7254901960784313,
        "auc": 0.7589542577675489,
        "f1": 0.788235294117647,
        "precision": 0.8405017921146953,
        "recall": 0.7420886075949367
      },
      "xgb": {
        "accuracy": 0.6884531590413944,
        "auc": 0.6543662034168363,
        "f1": 0.8154838709677419,
        "precision": 0.6884531590413944,
        "recall": 1.0
      }
    }
  },
  "input_csv": "results/drug/medsyn_seed2_n40.csv",
  "rows": {
    "oracle": 918,
    "original": 40,
    "synthetic": 10,
    "test": 918
  },
  "split_name": "seed2_n40",
  "sysname": "medsyn"
}
