{
  "dataset": "drug",
  "downstream": {
    "oracle": {
      "dt": {
        "accuracy": 0.7047413793103449,
        "auc": 0.6599168416118052,
        "f1": 0.7808,
        "precision": 0.7530864197530864,
        "recall": 0.8106312292358804
      },
      "lr": {
        "accuracy": 0.7834051724137931,
        "auc": 0.8252552840225831,
        "f1": 0.8408551068883611,
        "precision": 0.8033282904689864,
        "recall": 0.8820598006644518
      },
      "rf": {
        "accuracy": 0.7769396551724138,
        "auc": 0.8158923221164625,
        "f1": 0.838659392049883,
        "precision": 0.7900146842878121,
        "recall": 0.893687707641196
      },
      "xgb": {
        "accuracy": 0.7553879310344828,
        "auc": 0.8258514562908913,
        "f1": 0.8241673121611154,
        "precision": 0.772133526850508,
        "recall": 0.8837209302325582
      }
    },
    "original": {
      "dt": {
        "accuracy": 0.5678879310344828,
        "auc": 0.5966257668711656,
        "f1": 0.6001994017946162,
        "precision": 0.7506234413965087,
        "recall": 0.5
      },
      "lr": {
        "accuracy": 0.6206896551724138,
        "auc": 0.7369759289077309,
        "f1": 0.6348547717842323,
        "precision": 0.8453038674033149,
        "recall": 0.5083056478405316
      },
      "rf": {
        "accuracy": 0.45905172413793105,
        "auc": 0.6362610317347085,
        "f1": 0.32345013477088946,
        "precision": 0.8571428571428571,
        "recall": 0.19933554817275748
      },
      "xgb": {
        "accuracy": 0.5581896551724138,
        "auc": 0.675412225098343,
        "f1": 0.5524017467248908,
        "precision": 0.8057324840764332,
        "recall": 0.420265780730897
      }
    },
    "synthetic": {
      "dt": {
        "accuracy": 0.45689655172413796,
        "auc": 0.5617063775146242,
        "f1": 0.3333333333333333,
        "precision": 0.8181818181818182,
        "recall": 0.20930232558139536
      },
      "lr": {
        "accuracy": 0.6519396551724138,
        "auc": 0.7900964066608239,
        "f1": 0.6610703043022036,
        "precision": 0.8974358974358975,
        "recall": 0.5232558139534884
      },
      "rf": {
        "accuracy": 0.5334051724137931,
        "auc": 0.7660839125206368,
        "f1": 0.46609124537607893,
        "precision": 0.9043062200956937,
        "recall": 0.313953488372093
      },
      "xgb": {
        "accuracy": 0.35129310344827586,
        "auc": 0.5,
        "f1": 0.0,
        "precision": 0.0,
        "recall": 0.0
      }
    }
  },
  "input_csv": "results/drug/medsyn_seed0_n20.csv",
  "rows": {
    "oracle": 928,
    "original": 20,
    "synthetic": 5,
    "test": 928
  },
  "split_name": "seed0_n20",
  "sysname": "medsyn"
}
