{
  "easy": [
    0,
    1,
    2,
    3,
    6,
    7,
    8,
    11,
    13,
    15,
    16,
    18,
    19
  ],
  "ambiguous": [
    4,
    5,
    9,
    10,
    12,
    14,
    17
  ],
  "hard": [],
  "confidence": [
    0.8156062960624695,
    0.9758636951446533,
    0.9506366848945618,
    0.9423865675926208,
    0.5072609782218933,
    0.7685437202453613,
    0.9795283675193787,
    0.9320831298828125,
    0.9685279130935669,
    0.7477574944496155,
    0.6793756484985352,
    0.8292325735092163,
    0.7879316806793213,
    0.9810855388641357,
    0.76421058177948,
    0.9377365112304688,
    0.978445291519165,
    0.6877714395523071,
    0.9328710436820984,
    0.9734964370727539
  ]
}
