{
  "dataset": "compas",
  "downstream": {
    "oracle": {
      "dt": {
        "accuracy": 0.6215290985165463,
        "auc": 0.6282293615714807,
        "f1": 0.5626373626373626,
        "precision": 0.6393606393606394,
        "recall": 0.5023547880690737
      },
      "lr": {
        "accuracy": 0.6709775580068467,
        "auc": 0.7277685414216779,
        "f1": 0.6197802197802198,
        "precision": 0.7042957042957043,
        "recall": 0.5533751962323391
      },
      "rf": {
        "accuracy": 0.6428299733739065,
        "auc": 0.6828917260915153,
        "f1": 0.6056278874422512,
        "precision": 0.6513098464317977,
        "recall": 0.5659340659340659
      },
      "xgb": {
        "accuracy": 0.6660327120578167,
        "auc": 0.7211044622220163,
        "f1": 0.6037906137184116,
        "precision": 0.7101910828025477,
        "recall": 0.5251177394034537
      }
    },
    "original": {
      "dt": {
        "accuracy": 0.5930011411182959,
        "auc": 0.5932713306724904,
        "f1": 0.5890937019969278,
        "precision": 0.5766917293233083,
        "recall": 0.6020408163265306
      },
      "lr": {
        "accuracy": 0.6108786610878661,
        "auc": 0.6478331894778916,
        "f1": 0.5909636145541783,
        "precision": 0.6022819885900571,
        "recall": 0.5800627943485086
      },
      "rf": {
        "accuracy": 0.6184861163940661,
        "auc": 0.6360331813679204,
        "f1": 0.5758985200845665,
        "precision": 0.6241979835013749,
        "recall": 0.5345368916797488
      },
      "xgb": {
        "accuracy": 0.6211487257512363,
        "auc": 0.6440296129805883,
        "f1": 0.5832635983263599,
        "precision": 0.6245519713261649,
        "recall": 0.5470957613814756
      }
    },
    "synthetic": {
      "dt": {
        "accuracy": 0.5861544313427158,
        "auc": 0.5868169521569627,
        "f1": 0.5875663381349507,
        "precision": 0.5681818181818182,
        "recall": 0.6083202511773941
      },
      "lr": {
        "accuracy": 0.5869151768733358,
        "auc": 0.6397388589270508,
        "f1": 0.5959821428571429,
        "precision": 0.5664780763790664,
        "recall": 0.6287284144427001
      },
      "rf": {
        "accuracy": 0.5774058577405857,
        "auc": 0.5871523573948455,
        "f1": 0.5478225478225478,
        "precision": 0.5688926458157227,
        "recall": 0.5282574568288854
      },
      "xgb": {
        "accuracy": 0.5154050969950551,
        "auc": 0.5,
        "f1": 0.0,
        "precision": 0.0,
        "recall": 0.0
      }
    }
  },
  "input_csv": "results/compas/medsyn_seed0_n20.csv",
  "rows": {
    "oracle": 2629,
    "original": 20,
    "synthetic": 5,
    "test": 2629
  },
  "split_name": "seed0_n20",
  "sysname": "medsyn"
}
