Epoch,Generator Loss,Discriminator Loss
0,0.9149457812309265,0.019307216629385948
