Nscore,Escore,Oscore,AScore,Cscore,Impulsive,SS,Age,Gender,Education,Country,Ethnicity,Alcohol,Amphet,Amyl,Benzos,Cannabis,Coke,Crack,Ecstasy,Heroin,Ketamine,Legalh,LSD,Meth,Mushrooms,VSA,y
-0.14882,0.00332,-0.84732,0.76096,0.41594,-1.37983,-1.18084,2,0,7,5,6,6,0,0,0,0,0,0,0,0,0,0,0,0,0,0,0
-0.34799,0.47617,-0.71727,-0.91699,-0.52745,-0.71126,-0.84637,4,0,6,5,6,5,0,0,0,0,0,0,0,0,0,0,0,0,0,0,0
1.60383,-2.21069,1.24033,0.43852,-1.38502,0.52975,0.40148,0,1,3,6,6,2,2,0,2,6,0,0,2,0,0,3,2,2,3,2,1
2.127,-2.72827,-1.11902,-0.45321,-2.42317,-0.71126,-0.84637,0,0,4,5,6,5,0,0,0,2,0,0,0,0,0,0,0,0,0,0,1
1.60383,-1.50796,-0.17779,0.28783,-0.40581,-0.71126,-1.54858,0,0,7,5,6,2,0,0,0,0,0,0,0,0,0,0,0,0,0,0,0
