{
  "dataset": "adult",
  "downstream": {
    "oracle": {
      "dt": {
        "accuracy": 0.7775860924955212,
        "auc": 0.7074926430676092,
        "f1": 0.8511148618637292,
        "precision": 0.8545308597930789,
        "recall": 0.8477260661829764
      },
      "lr": {
        "accuracy": 0.8319952226129653,
        "auc": 0.8881207157140094,
        "f1": 0.8918688076528869,
        "precision": 0.8619778768367179,
        "recall": 0.9239072730490179
      },
      "rf": {
        "accuracy": 0.8127529692787473,
        "auc": 0.8617469987138603,
        "f1": 0.8764231914520931,
        "precision": 0.8676088087393792,
        "recall": 0.8854185099982304
      },
      "xgb": {
        "accuracy": 0.8352464999004711,
        "auc": 0.8932073835397497,
        "f1": 0.8928956562998749,
        "precision": 0.8711387930308897,
        "recall": 0.9157671208635639
      }
    },
    "original": {
      "dt": {
        "accuracy": 0.6440846659146705,
        "auc": 0.7212273129070012,
        "f1": 0.7049180327868853,
        "precision": 0.9317917393833625,
        "recall": 0.5668908157848168
      },
      "lr": {
        "accuracy": 0.6809767102382058,
        "auc": 0.8484540359166011,
        "f1": 0.7413663259817106,
        "precision": 0.9455268935236004,
        "recall": 0.6097150946735092
      },
      "rf": {
        "accuracy": 0.6612036361223542,
        "auc": 0.830048582023088,
        "f1": 0.7212882096069869,
        "precision": 0.9414363066400684,
        "recall": 0.5845867987966732
      },
      "xgb": {
        "accuracy": 0.6793178952956008,
        "auc": 0.8164140829975878,
        "f1": 0.7414540202214733,
        "precision": 0.9376268434582601,
        "recall": 0.613165811360821
      }
    },
    "synthetic": {
      "dt": {
        "accuracy": 0.6749386238471237,
        "auc": 0.6263207722528864,
        "f1": 0.7695130557515879,
        "precision": 0.8216618105093941,
        "recall": 0.7235887453548044
      },
      "lr": {
        "accuracy": 0.7389025280339725,
        "auc": 0.8056432320799767,
        "f1": 0.8110988430704239,
        "precision": 0.8865568265295414,
        "recall": 0.7474783224208105
      },
      "rf": {
        "accuracy": 0.6682370114789994,
        "auc": 0.7839011299277197,
        "f1": 0.7301964170084179,
        "precision": 0.9358229598893499,
        "recall": 0.5986551052910989
      },
      "xgb": {
        "accuracy": 0.6239134762125937,
        "auc": 0.7614195784243101,
        "f1": 0.6813940415964025,
        "precision": 0.9341861898890259,
        "recall": 0.5362767651743054
      }
    }
  },
  "input_csv": "results/adult/medsyn_seed0_n20.csv",
  "rows": {
    "oracle": 15071,
    "original": 20,
    "synthetic": 10,
    "test": 15071
  },
  "split_name": "seed0_n20",
  "sysname": "medsyn"
}
