{
  "dataset": "adult",
  "downstream": {
    "oracle": {
      "dt": {
        "accuracy": 0.7775860924955212,
        "auc": 0.7074926430676092,
        "f1": 0.8511148618637292,
        "precision": 0.8545308597930789,
        "recall": 0.8477260661829764
      },
      "lr": {
        "accuracy": 0.8319952226129653,
        "auc": 0.8881207157140094,
        "f1": 0.8918688076528869,
        "precision": 0.8619778768367179,
        "recall": 0.9239072730490179
      },
      "rf": {
        "accuracy": 0.8127529692787473,
        "auc": 0.8617469987138603,
        "f1": 0.8764231914520931,
        "precision": 0.8676088087393792,
        "recall": 0.8854185099982304
      },
      "xgb": {
        "accuracy": 0.8352464999004711,
        "auc": 0.8932073835397497,
        "f1": 0.8928956562998749,
        "precision": 0.8711387930308897,
        "recall": 0.9157671208635639
      }
    },
    "original": {
      "dt": {
        "accuracy": 0.6440846659146705,
        "auc": 0.7212273129070012,
        "f1": 0.7049180327868853,
        "precision": 0.9317917393833625,
        "recall": 0.5668908157848168
      },
      "lr": {
        "accuracy": 0.6809767102382058,
        "auc": 0.8484540359166011,
        "f1": 0.7413663259817106,
        "precision": 0.9455268935236004,
        "recall": 0.6097150946735092
      },
      "rf": {
        "accuracy": 0.6612036361223542,
        "auc": 0.830048582023088,
        "f1": 0.7212882096069869,
        "precision": 0.9414363066400684,
        "recall": 0.5845867987966732
      },
      "xgb": {
        "accuracy": 0.6793178952956008,
        "auc": 0.8164140829975878,
        "f1": 0.7414540202214733,
        "precision": 0.9376268434582601,
        "recall": 0.613165811360821
      }
    },
    "synthetic": {
      "dt": {
        "accuracy": 0.7116979629752505,
        "auc": 0.7621520320167237,
        "f1": 0.7747654346586491,
        "precision": 0.9354111903867818,
        "recall": 0.661210405238011
      },
      "lr": {
        "accuracy": 0.7497843540574614,
        "auc": 0.8265206889704914,
        "f1": 0.81843131590351,
        "precision": 0.8977500792225626,
        "recall": 0.7519907980888338
      },
      "rf": {
        "accuracy": 0.7130913675270387,
        "auc": 0.7746697450196184,
        "f1": 0.7947208507406001,
        "precision": 0.8574062692071297,
        "recall": 0.7405768890461866
      },
      "xgb": {
        "accuracy": 0.7499170592528698,
        "auc": 0.5,
        "f1": 0.8570886891897016,
        "precision": 0.7499170592528698,
        "recall": 1.0
      }
    }
  },
  "input_csv": "results/adult/medsyn_seed0_n20.csv",
  "rows": {
    "oracle": 15071,
    "original": 20,
    "synthetic": 5,
    "test": 15071
  },
  "split_name": "seed0_n20",
  "sysname": "medsyn"
}
